{"_all_users":false,"_launch_from_install_dir":true,"_subfolder":"94.0.4606.101","app_id":"1675707738","components":{"assistant":"C:\\Users\\j.knowles\\OneDrive\\Opera GX\\assistant"},"copy_only":false,"files":["94.0.4606.101.manifest","CUESDK.x64_2017.dll","MEIPreload\\manifest.json","MEIPreload\\preloaded_data.pb","d3dcompiler_47.dll","headless_lib_data.pak","headless_lib_strings.pak","icudtl.dat","installer.exe","libEGL.dll","libGLESv2.dll","localization\\bg.pak","localization\\bn.pak","localization\\ca.pak","localization\\cs.pak","localization\\da.pak","localization\\de.pak","localization\\el.pak","localization\\en-GB.pak","localization\\en-US.pak","localization\\es-419.pak","localization\\es.pak","localization\\fi.pak","localization\\fil.pak","localization\\fr.pak","localization\\hi.pak","localization\\hr.pak","localization\\hu.pak","localization\\id.pak","localization\\it.pak","localization\\ja.pak","localization\\ko.pak","localization\\lt.pak","localization\\lv.pak","localization\\ms.pak","localization\\nb.pak","localization\\nl.pak","localization\\pl.pak","localization\\pt-BR.pak","localization\\pt-PT.pak","localization\\ro.pak","localization\\ru.pak","localization\\sk.pak","localization\\sr.pak","localization\\sv.pak","localization\\sw.pak","localization\\ta.pak","localization\\te.pak","localization\\th.pak","localization\\tr.pak","localization\\uk.pak","localization\\vi.pak","localization\\zh-CN.pak","localization\\zh-TW.pak","notification_helper.exe","opera.exe","opera.pak","opera_100_percent.pak","opera_125_percent.pak","opera_150_percent.pak","opera_200_percent.pak","opera_250_percent.pak","opera_autoupdate.exe","opera_autoupdate.licenses","opera_autoupdate.version","opera_browser.dll","opera_crashreporter.exe","opera_elf.dll","opera_gx_splash.exe","resources\\013E742B-287B-4228-A0B9-BD617E4E02A4.ico","resources\\07593226-C5C5-438B-86BE-3F6361CD5B10.ico","resources\\0CD5F3A0-8BF6-11E2-9E96-0800200C9A66.ico","resources\\1AF2CDD0-8BF3-11E2-9E96-0800200C9A66.ico","resources\\1CF37043-6733-479C-9086-7B21A2292DDA.ico","resources\\2A3F5C20-8BF5-11E2-9E96-0800200C9A66.ico","resources\\2F8F0E41-F521-45A4-9691-F664AFAFE67F.ico","resources\\3B6191A0-8BF3-11E2-9E96-0800200C9A66.ico","resources\\3BFDFA54-5DD6-4DFF-8B6C-C1715F306D6B.ico","resources\\4C95ADC1-5FD9-449D-BC75-77CA217403AE.ico","resources\\5BBBDD5B-EDC7-4168-9F5D-290AF826E716.ico","resources\\66DD4BB6-A3BA-4B11-AF7A-F4BF23E073B2.ico","resources\\6D3582E1-6013-429F-BB34-C75B90CDD1F8.ico","resources\\76C397A8-9E8E-4706-8203-BD2878E9C618.ico","resources\\8D754F20-8BF5-11E2-9E96-0800200C9A66.ico","resources\\AD2FD2BD-0727-4AF7-8917-AAED8627ED47.ico","resources\\B478FE0C-0761-41C3-946F-CD1340356039.ico","resources\\C665D993-1B49-4C2E-962C-BEB19993BB86.ico","resources\\CCCED631-6DA2-4060-9824-95737E64350C.ico","resources\\CFCE84E5-9A95-4B3F-B8E4-3E98CF7EE6C5.ico","resources\\CFD4BE41-4C6D-496A-ADDB-4095DFA1DD0E.ico","resources\\F3F34CBB-24FF-4830-9E87-1663E7A0A5EE.ico","resources\\F98D4D4C-8AA7-4619-A1E7-AC89B24558DD.ico","resources\\FDC2CCAB-E8F9-4620-91DD-B0B67285997C.ico","resources\\FF57F01A-0718-44B7-8A1F-8B15BC33A50B.ico","resources\\FFF3F819-B6CE-4DE6-B4E4-8E2618ABC0D9.ico","resources\\ab_tests.json","resources\\browser.js","resources\\continue_shopping.json","resources\\default_partner_content.json","resources\\doh_providers.json","resources\\facebook_icon.ico","resources\\partner_speeddials.json","resources\\purchases-schemas.json","resources\\siteprefs.json","resources\\standard_themes\\default_dark_theme.zip","resources\\standard_themes\\gx-1-classic-dark.zip","resources\\standard_themes\\gx-1-classic-light.zip","resources\\standard_themes\\gx-classic-dark.zip","resources\\standard_themes\\gx-classic-light.zip","resources\\video_conference_popout.json","resources\\virtual_card\\_locales\\en\\messages.json","resources\\virtual_card\\_locales\\fr\\messages.json","resources\\vk_icon.ico","snapshot_blob.bin","v8_context_snapshot.bin","vk_swiftshader.dll","vk_swiftshader_icd.json","vulkan-1.dll","win10_share_handler.dll","win8_importing.dll","opera.exe.sig","opera_browser.dll.sig","installer_helper_64.exe"],"path":"C:\\Users\\j.knowles\\OneDrive\\Opera GX","product":"Opera GX","registry":{"HKCU":[{"clean":1,"path":"Software\\Classes\\Opera GXStable","values":[{"data":"Opera GX Web Document","name":"FriendlyTypeName","type":"REG_SZ"},{"data":"","name":"URL Protocol","type":"REG_SZ"}]},{"clean":1,"path":"Software\\Classes\\Opera GXStable\\DefaultIcon","values":[{"data":"C:\\Users\\j.knowles\\OneDrive\\Opera GX\\Launcher.exe,0","name":"","type":"REG_SZ"}]},{"clean":2,"path":"Software\\Classes\\Opera GXStable\\shell\\open\\command","values":[{"data":"\"C:\\Users\\j.knowles\\OneDrive\\Opera GX\\Launcher.exe\" -noautoupdate -- \"%1\"","name":"","type":"REG_SZ"}]},{"clean":2,"path":"Software\\Classes\\Opera GXStable\\shell\\open\\ddeexec","values":[{"data":"","name":"","type":"REG_SZ"}]},{"clean":1,"path":"Software\\Classes\\Opera GXStable\\shell\\open\\ddeexec\\Application","values":[{"data":"","name":"","type":"REG_SZ"}]},{"clean":1,"path":"Software\\Classes\\Opera GXStable\\shell\\open\\ddeexec\\Topic","values":[{"data":"","name":"","type":"REG_SZ"}]},{"clean":0,"path":"Software\\Classes\\.gxanimations\\OpenWithProgIDs","values":[{"data":"","name":"Opera GXStable","type":"REG_NONE"}]},{"clean":0,"path":"Software\\Classes\\.opdownload\\OpenWithProgIDs","values":[{"data":"","name":"Opera GXStable","type":"REG_NONE"}]},{"clean":0,"path":"Software\\Classes\\.htm\\OpenWithProgIDs","values":[{"data":"","name":"Opera GXStable","type":"REG_NONE"}]},{"clean":0,"path":"Software\\Classes\\.html\\OpenWithProgIDs","values":[{"data":"","name":"Opera GXStable","type":"REG_NONE"}]},{"clean":0,"path":"Software\\Classes\\.pdf\\OpenWithProgIDs","values":[{"data":"","name":"Opera GXStable","type":"REG_NONE"}]},{"clean":0,"path":"Software\\Classes\\.shtml\\OpenWithProgIDs","values":[{"data":"","name":"Opera GXStable","type":"REG_NONE"}]},{"clean":0,"path":"Software\\Classes\\.xht\\OpenWithProgIDs","values":[{"data":"","name":"Opera GXStable","type":"REG_NONE"}]},{"clean":0,"path":"Software\\Classes\\.xhtml\\OpenWithProgIDs","values":[{"data":"","name":"Opera GXStable","type":"REG_NONE"}]},{"clean":4,"path":"Software\\Classes\\Applications\\opera.exe\\shell\\open\\command","values":[{"data":"\"C:\\Users\\j.knowles\\OneDrive\\Opera GX\\Launcher.exe\" \"%1\"","name":"","type":"REG_SZ"}]},{"clean":0,"path":"Software\\Microsoft\\Windows\\CurrentVersion\\App Paths\\opera.exe","values":[{"data":"\"C:\\Users\\j.knowles\\OneDrive\\Opera GX\\Launcher.exe\"","name":"","type":"REG_SZ"},{"data":"\"C:\\Users\\j.knowles\\OneDrive\\Opera GX\"","name":"Path","type":"REG_SZ"}]},{"clean":0,"path":"Software\\Microsoft\\Windows NT\\CurrentVersion\\AppCompatFlags\\Compatibility Assistant\\Persisted","values":[{"data":"00000020","name":"C:\\Users\\j.knowles\\OneDrive\\Opera GX\\Launcher.exe","type":"REG_DWORD"}]},{"clean":0,"path":"Software\\RegisteredApplications","values":[{"data":"Software\\Clients\\StartMenuInternet\\Opera GXStable\\Capabilities","name":"Opera GX Stable","type":"REG_SZ"}]},{"clean":1,"path":"Software\\Clients\\StartMenuInternet\\Opera GXStable","values":[{"data":"Opera GX Stable","name":"","type":"REG_SZ"}]},{"clean":1,"path":"Software\\Clients\\StartMenuInternet\\Opera GXStable\\DefaultIcon","values":[{"data":"C:\\Users\\j.knowles\\OneDrive\\Opera GX\\Launcher.exe,0","name":"","type":"REG_SZ"}]},{"clean":1,"path":"Software\\Clients\\StartMenuInternet\\Opera GXStable\\InstallInfo","values":[{"data":"\"C:\\Users\\j.knowles\\OneDrive\\Opera GX\\Launcher.exe\" --showicons","name":"ShowIconsCommand","type":"REG_SZ"},{"data":"\"C:\\Users\\j.knowles\\OneDrive\\Opera GX\\Launcher.exe\" --hideicons","name":"HideIconsCommand","type":"REG_SZ"},{"data":"\"C:\\Users\\j.knowles\\OneDrive\\Opera GX\\Launcher.exe\" --makedefaultbrowser","name":"ReinstallCommand","type":"REG_SZ"},{"data":"00000001","name":"IconsVisible","type":"REG_DWORD"}]},{"clean":2,"path":"Software\\Clients\\StartMenuInternet\\Opera GXStable\\shell\\open\\command","values":[{"data":"\"C:\\Users\\j.knowles\\OneDrive\\Opera GX\\Launcher.exe\"","name":"","type":"REG_SZ"}]},{"clean":1,"path":"Software\\Clients\\StartMenuInternet\\Opera GXStable\\Capabilities","values":[{"data":"Do more on the web","name":"ApplicationDescription","type":"REG_SZ"},{"data":"\"C:\\Users\\j.knowles\\OneDrive\\Opera GX\\Launcher.exe\",0","name":"ApplicationIcon","type":"REG_SZ"},{"data":"Opera GX Stable","name":"ApplicationName","type":"REG_SZ"}]},{"clean":1,"path":"Software\\Clients\\StartMenuInternet\\Opera GXStable\\Capabilities\\FileAssociations","values":[{"data":"Opera GXStable","name":".crx","type":"REG_SZ"},{"data":"Opera GXStable","name":".gxanimations","type":"REG_SZ"},{"data":"Opera GXStable","name":".htm","type":"REG_SZ"},{"data":"Opera GXStable","name":".html","type":"REG_SZ"},{"data":"Opera GXStable","name":".opdownload","type":"REG_SZ"},{"data":"Opera GXStable","name":".pdf","type":"REG_SZ"},{"data":"Opera GXStable","name":".shtml","type":"REG_SZ"},{"data":"Opera GXStable","name":".xht","type":"REG_SZ"},{"data":"Opera GXStable","name":".xhtml","type":"REG_SZ"}]},{"clean":1,"path":"Software\\Clients\\StartMenuInternet\\Opera GXStable\\Capabilities\\Startmenu","values":[{"data":"Opera GXStable","name":"StartMenuInternet","type":"REG_SZ"}]},{"clean":1,"path":"Software\\Clients\\StartMenuInternet\\Opera GXStable\\Capabilities\\UrlAssociations","values":[{"data":"Opera GXStable","name":"http","type":"REG_SZ"},{"data":"Opera GXStable","name":"https","type":"REG_SZ"},{"data":"Opera GXStable","name":"ftp","type":"REG_SZ"},{"data":"Opera GXStable","name":"mailto","type":"REG_SZ"}]},{"clean":0,"path":"Software\\Classes\\CLSID\\{8C63D4B8-CF89-4527-B10F-99914B6C207F}\\LocalServer32","values":[{"data":"\"C:\\Users\\j.knowles\\OneDrive\\Opera GX\\94.0.4606.101\\notification_helper.exe\"","name":"","type":"REG_SZ"},{"data":"C:\\Users\\j.knowles\\OneDrive\\Opera GX\\94.0.4606.101\\notification_helper.exe","name":"ServerExecutable","type":"REG_SZ"}],"wow6432":true},{"clean":1,"path":"Software\\Microsoft\\Windows\\CurrentVersion\\Uninstall\\Opera GX 94.0.4606.101","values":[{"data":"Opera GX Stable 94.0.4606.101","name":"DisplayName","type":"REG_SZ"},{"data":"\"C:\\Users\\j.knowles\\OneDrive\\Opera GX\\Launcher.exe\",0","name":"DisplayIcon","type":"REG_SZ"},{"data":"94.0.4606.101","name":"DisplayVersion","type":"REG_SZ"},{"data":"https://help.opera.com/latest/","name":"HelpLink","type":"REG_SZ"},{"data":"C:\\Users\\j.knowles\\OneDrive\\Opera GX","name":"InstallLocation","type":"REG_SZ"},{"data":"00000001","name":"NoModify","type":"REG_DWORD"},{"data":"00000001","name":"NoRepair","type":"REG_DWORD"},{"data":"Opera Software","name":"Publisher","type":"REG_SZ"},{"data":"\"C:\\Users\\j.knowles\\OneDrive\\Opera GX\\Launcher.exe\" /uninstall","name":"UninstallString","type":"REG_SZ"},{"data":"https://www.opera.com/gx/","name":"URLInfoAbout","type":"REG_SZ"},{"data":"https://www.opera.com/gx/","name":"URLUpdateInfo","type":"REG_SZ"}],"wow6432":true}]},"root_files":["Assets\\150x150Logo.scale-100.png","Assets\\150x150Logo.scale-100_contrast-white.png","Assets\\150x150Logo.scale-140.png","Assets\\150x150Logo.scale-140_contrast-white.png","Assets\\150x150Logo.scale-180.png","Assets\\150x150Logo.scale-180_contrast-white.png","Assets\\150x150Logo.scale-80.png","Assets\\150x150Logo.scale-80_contrast-white.png","Assets\\70x70Logo.scale-100.png","Assets\\70x70Logo.scale-100_contrast-white.png","Assets\\70x70Logo.scale-140.png","Assets\\70x70Logo.scale-140_contrast-white.png","Assets\\70x70Logo.scale-180.png","Assets\\70x70Logo.scale-180_contrast-white.png","Assets\\70x70Logo.scale-80.png","Assets\\70x70Logo.scale-80_contrast-white.png","Resources.pri","launcher.visualelementsmanifest.xml"],"shortcuts":{"SC_DEST_MENU":"C:\\Users\\j.knowles\\AppData\\Roaming\\Microsoft\\Windows\\Start Menu\\Programs\\Opera GX Browser.lnk"},"version":"94.0.4606.101"}