{"all-installer-experiments":["installer-experiment-test@2"],"au_task_error_count":0,"autoupdate":true,"browser_edition":"std-1","consent":{"general-interests":true,"general-location":true,"personalized-ads":true,"personalized-content":true},"country":"US","enable_stats":true,"features-dna-requirements":{"818c3ef12d0b":{"forbidden":["5b3eb4a6c335a0659d16d1a189ca155e4441ea14"],"required":["64336fb81a04836eb8108d24fbca3aa3682db0a5"]}},"features-remote-flag":"112833e0e686:disabled,13eeaf851da7,1ad69b007ce5,1d24dceb937a,2766b83dcc7f:disabled,278deecb29a1,2c1429a5a72e,32b04500470d,47c3eaf8e6a9,4b1a01cc7e97,50796754ffc7,603cade21cf7,696bf1ce703e:disabled,73d990a0241d,79b4f892c4fe:disabled,7d2b9cb259c5:disabled,818c3ef12d0b,8511df77ed15,89937cfbcff7,970fe421a344,9ec4e68ae70a:disabled,b9677b166709:disabled,c57119eb4723,c9a44eaecc11,d144067b33ec,dce301a6c594,e6de3386c4d2,e7de6afa38c4,f3834d6657d8,f77fe4682650,fc82980101cd,fd0749971006","import_browser_data":false,"installer-experiments":[],"installer_id":"97239ead-faeb-4e18-af2d-e8db81675d35","language":"en","last_installation_guid":"a9b143fb-716e-480b-a7e1-1f448ff3613c","remote-features-guid":"24c71163-f0d0-4e4f-b064-71c97bdc0aaf","run-at-startup":true,"single_profile":false,"welcome-url":"https://redir.opera.com/www.opera.com/gx/firstrun/?utm_campaign=PWN_US&utm_content=169_US_2CLcK3yOuaPm60Ben8ws&utm_id=ba7b75b44b2e474b92a77e2bef7e7b05&utm_lastpage=opera.com/&utm_medium=pa&utm_site=opera_com&utm_source=PWNgames&utm_tryagain=yes&http_referrer=https://www.opera.com/&query=/opera_gx/stable/windows?utm_tryagain=yes%26utm_source=PWNgames%26utm_medium=pa%26utm_campaign=PWN_US%26edition=std-1%26utm_content=169_US_2CLcK3yOuaPm60Ben8ws%26utm_id=ba7b75b44b2e474b92a77e2bef7e7b05%26http_referrer=missing%26utm_site=opera_com%26%26utm_lastpage=opera.com/%26dl_token=21779518"}